JOANNE REAY,99
FINLAY BROOKS,99
KELLY HARMAN,99
ELLIS MCCLOSKEY,99
CHIARA MORANTE,98
ALEX REDFERN,98
SUSANNAH PEREZ,98
ISABELLA  RICHARDS,97
CLAIRE MARCHANT,97
PHOEBE DAVIS,97
ELEANOR HOPPER,97
JESSICA RHODES,97
KATY ROBSON,96
ALISON DAY,96
EMMA LOWEY,96
ELISABETH MOUCHARD,96
GEORGINA MOUNTAIN,96
LIBBY ELLISON,96
SOPHIE GIBSON,96
EMMA HALSALL,96
ELINOR DIXON,95
ELLA SMITH,95
CATHERINE RAFTERY,95
FFION BARNIKEL,95
TAMARA DSOULI,95
JORJA-LEIGH RIDDOCK,95
VICTORIA PI,95
DAVINA WALLACE,95
JORJA MCNAUGHTON,95
ETHAN ROSENBERG,95
JEMMA LIVINGSTONE,94
LYNNE AUTON,94
DIANE TREBILLCOCK,94
AFREEN AKTHAR,94
VICTORIA MAN,94
AMANDA GIBSON,94
HELENA MOLYNEAUX,94
AVA SAUNDERS,94
FAYE BRIGGS,93
DANIELLE CHADDERTON,93
TRISH TIPPETT,93
KIERA HOULKER-MOUNTIER,93
DANIEL WHITE,93
STEPH STRONACH,93
PAULINE MACKINTOSH,93
ALEXANDRA ADAMS,93
DJOLIE BULICA,93
DONNA WEST,93
FELIX CHAN,92
SARAH KAVANAGH,92
LILY OSMENT,92
ISLA TRAVERS,92
LILLY PICTS,92
LLEWELLYN WAITS,91
REES DAVIES,91
NAEVE POUNTNEY,91
BERNARD OSULLIVAN,91
CHERYL CROSBIE,91
RUBY MERCER,90
GRUFF JONES,90
GEORGE STUART MCCONVILLE,90
LUCY BLUE,90
ANTONIA BLYTH,90
NURUL AHMAN,90
KELLY FORAN,90
CARLY KILLEN,88
OLIVIA BRUNSKILL,88
CHELSEA COE,88
ADAM WHITEHEAD,88
ANGELA OATLEY,88
JOANNE YOUNG,88
SOPHIE WHEATER,88
CRYSTAL COYLE,88
CLAUDIA HOLLIDAY-WILLIAMS,88
NICOLA FEW,87
HARRISON MCGROGAN,87
MAHA DANNAWI,87
GEMMA FERGUSON,87
GABRIELLE PROPER,86
SUE RENWICK,86
LAYTON LAMONT,85
GRACE COLE,85
JANE JOHNSON,85
LYLA TOMLINSON,85
LISA WELLINGTON,85
ELIZABETH HEPTINSTALL,84
ROBERT ADAMSON,84
SEAN DAVIES,83
DANIEL FITZROY-EZZY,83
SAM KILGANNON,83
REBECCA RICE,83
ELIZABETH PARKES,82
ARTHUR BURNHAM,82
LUCY KELLY,82
SARAH GREEN,82
SAMRA RAFIQUE,81
KEEGAN CUNNINGHAM,81
CHLOE HAGUE-NAYLOR,81
MILLIE ARMSTRONG,81
HANNAH ASHWORTH,80
GEORGIA MISKELLY,80
EMMA SLOCOMBE,80
ALICE BURGOYNE,80
COURTNEY JOHNSON,79
VICKI WILSON,77
TIFFANY PILNIKOVA,76
FRANCES FOX,76
PALOMA DANIEL,76
CLAIRE CAMERON,74
JULIE MORRISH,74
CONNIE CLASBY-MYERS,74
RUKIYE VURGUNCU-FORSHAW,73
ZOE HAMILTON,73
ISABELLA ROBERTS,73
EMMA BROOKS,73
LENKA PILNIKOVA,72
NIKKI ACTON,72
TAMMY BARKER,72
MACKALLAN WHITELEY,71
S WOODASON,71
CHARLOTTE PEEL,70
EMILY LOGAN,70
SOPHIE RAWLINGS,70
KAYLEIGH ELLISON,66
TRISHA FORBES,65
ALFIE SWAINE,65
ELENA BREWER,64
JESSICA UPTON,63
ISABELLA WILSON,63
TRACEY BEDDIS,62
JESSICA SHEPHERD,62
LUCY MONTGOMERY,61
JACOB MARKS,59
SHAY ILDERTON,57
LORI HUNTER,56
ALICE LOWRY,52
BEKAH BRETT,51
JAKE EDGAR,43
CYRILLE TCHATCHET II,350
GORDON SHAW,340
ANDREW GRIFFITHS,335
JORDAN SAKKAS,330
CHRIS MURRAY,325
OMAR KESHTA,323
CHRISTOPHER PALSER-THORNE,320
EDMON AVETISYAN,311
JOSEPH WALTON,310
JACK DOBSON,310
MATTHEW JONES,305
BENEDICT MILLSON,303
EDWARD SMALE,301
GUY MICHEL NGONGANG TCHUISSI,298
DAVID STEEL,295
MIHAI BAGUTIU,294
THOMAS WHELAN,293
ROSS ROBERTS,292
HARRY NELMS,290
MYREN MADDEN,290
JOE BLACKER,290
JONATHAN CHIN,290
OLLIE CAHILL,290
HARRY MISANGYI,290
GREG STUMBLES,289
JACK OLIVER,285
STEPHEN BESTMAN,285
LUKAS LAKIN,285
JONATHAN BIGGIN,285
RYAN SWEETMAN,284
JAMAL ISAAC-SHAH,284
JASON EPTON,283
JOHNNY REANEY,283
CHARLIE STONE,282
STEFANO CATALDI,282
DANIEL O'HARE,282
KHRYSTOPHER SPEED,282
RAMSEY KECHACHA,282
ALLEN BRINDLEY,281
MICHAEL FARMER,281
BARNEY LINSSEN,280
IAN DOCHERTY,280
ASHLEY WILES,280
IAIN COULING,279
MICHAEL CUTLER,278
SOLOMON OCQUAYE,278
ALLAN KING,278
CHRISTOPHER RUSS,277
JACOB FINNIGAN,277
SAUN TREBILLCOCK,277
MATTHEW BYERS,276
EMILY CAMPBELL,276
GARETH EVANS,275
CALLUM DOWNIE,275
DAVID SMITH,273
CAMERON MONTGOMERY,271
FILIP TAYLOR,270
HAMID MOSAVI,270
LUKE STOPFORD,268
STUART DIPLOCK,268
THOMAS RICHARDSON,267
DREW BURNS,266
JONATHAN SMITH,265
ALEX HARLOW,265
TOM INGRAM,265
GIUSEPPE ASCHETTINO,265
JAMES NEWMAN,264
ADAM SMITH,260
HAYDN THOMASON,260
EDWARD OWEN,260
HENRY WOODASON,260
STUART KING,258
NICK JONES,257
KRISTIAN MCPHEE,256
CHRISTOPHER MILLS,256
CALLUM CONDON,255
LAWRIE WILKINSON,255
GARETH OWEN,255
SAM FINCH,253
CHRISTOPHER FREEBURY,253
DAVID SUTTON,252
LEWIS KNOX,252
HAROON SIRAJ,251
JOSHUA SUMMERSGILL,251
THOMAS DAVISON,250
CIARAN BARNES,250
JASON HAGART,250
SHANE MARTIN,250
DARIUS VAHDATI,250
CAMERON LODGE,250
LUKE MANDER,250
NIGEL BLUFF,249
DALE CREE,249
JOSEPH WHITE,248
GEORGE RUDGE,248
SEBASTIAN BIGGINS,248
SHANE CASWELL,247
HARRISON STEELE,247
TRISTAN SNELL,247
JOSEPH HARRISON,247
FINLEY AUSTIN,246
MATTHEW WOODWARD,246
MATTHEW MCEVOY,245
CRAIG CARFRAY,245
AIDEN SHEERAN,245
JOSEPH MCKALE,245
JONATHAN HEALY,244
ROSS SINCLAIR,243
SAMUEL CALWAY,243
NATHAN BLAND,243
NIALL ARMSTRONG,243
JOSHUA HUTTON,242
AYO FADAHUNSI,241
SCOOP CALLARD,241
LUKE MEES,240
TOBY LEEDS,240
CHARLIE EARL,240
ANDREW CHURCH,240
JONATHAN LYONS,240
SIMON DUNN,240
SIMON DEAN,238
MICHAEL ELLISON,238
DEAN JONES,237
WARREN NIGHTINGALE,237
SKIP CALLARD,236
JOE KELLY,236
GILBERT NORTH,235
MITCHELL MASON,235
SAMUEL HEENAN,235
CIAN DUNPHY,235
DARREN HOTTEN,235
NIK MEARNS,235
SAMUEL CHILDE,235
OLIVER GODWIN,234
SAEED ASGHARI,233
BAKHTIYER HUSSAIN,232
JAMES ARTHUR,232
DAWID CEDRO,232
KAREEM AYOUB,232
SAM YOUSEMAN,231
LIAM DUNN,231
CALLUM HOLLAND,231
JORDAN GRAHAM,230
LUCAS CLARKE,230
SARAH DAVIES,230
ADAM HEMSLEY,230
LEE PAGE,230
MAX SCHOLZ,230
FRANKIE WILLIAMS,229
SHAU MAFUNA,229
MATTHEW WATSON,229
PANU YAGI,228
RYAN BEDWELL,228
JACK MILTON,228
SILVIO MATANO,228
ALEXANDER BURBRIDGE,228
ROLAND BRADING,228
RAMADAN SAYED RABEH,227
RICHARD PECK,227
JOHANNES DOUGLAS,227
EMILY GODLEY,227
EUAN MESTON,227
MEHMED FIKRETOV,227
KRZYSZTOF BES,226
DAVID HODGE,226
JAMES STUART,225
CHRISTIAN KRAXNER,225
PERRY STEVENS,225
JAMIE MABROUK,225
MARCUS TAN,225
JAKE BENSON,224
GEORGE KINNELL,224
JOSHUA ALLEN,223
SVEN BATKE,223
ALISTAIR HINES,223
INNES STAFFORD,222
HARRY VEILLARD,222
TAYLOR PROBETS,221
ADAM TRAVIS,221
WEI CHIEN TEOH,221
AARON PARKER,220
BEN ANDERSON,220
ERON MURRAY,220
HENRY AXON,220
JAMES RICHARDSON,220
GARETH BRAISDELL,220
RONAN WALLACE,220
JOSCE SYRETT,220
SOL DALEY,220
MILES RENDELL,219
SCOTT APPLEBY,218
THOMAS HUNT,218
HENRY FRIEND,217
THOMAS D'ARCY-SMITH,217
JOSEPH BRYANT,217
LEAH CLARKE,217
JACK HUTCHINSON,216
GARIN BEAMS,216
STEVEN MCALLAN,216
YEGEUN JI,216
ANTONIO CAPAVANNI,216
LUKE THOMPSON,215
CAMERON IVES,215
FOUAD GHAREEB,215
JACEK KONDRACKI,215
KIERAN STILES,215
ALEX WOOD,215
LIAM DAVIES,213
OLIVER LAMING,213
CAMERON MCCOWAN,213
ALEX ADAMS,213
BORIS FELIX,213
BRIAH ANDREWS,212
JOSHUA HASKELL,212
JANI SHIBUYA,212
SAM NEWALL,211
MATTHEW TONGE,211
MICHAEL GLENN,211
KARL SIMPSON,210
OLIVER BOGG,210
GAVIN CHURCH,210
NATALIA PRISCEPA,210
ALEX RAHAL,210
JOSEPH PRICE,210
AARON SCOTT,210
AARON HOLT,209
CHARLIE REYNOLDS,209
ROSS JOHNSON,208
GARETH DYKES,208
DAVID ENGLISH,207
THEO BAYNE-DIXON,207
JOHN KEENAN,207
KEVIN RAGUINDIN,206
SCOTT MAYNARD,206
LIAM MORALEE,206
WILLIAM BELL,205
NICOLA STIDDARD,205
JONATHAN PETERS,205
DALE HOLLINGSWORTH,205
THOMAS STRINGWELL,205
ROBERT GUEST,205
LEE PAOLO GIMENEZ,205
SALLY BENNETT,205
DEBORAH ALAWODE,204
KYLE COLELLA,204
FAYE PITTMAN,204
SEAN GILLESPIE,204
GARETH TURNER,203
BENJAMIN HICKLING,203
RICHARD PARKER,202
PAUL MCCABE-NORTH,202
BRANDON MILLER,202
PIYUSH PANDEY,201
THOMAS ADLER,201
MARK TALLETT,201
RUSSELL DAVIES,200
TIMOTHY SCRIVENER,200
JAKE RIPLEY,200
BRYNLEY JONES,200
LIAM SNAPE,200
JONATHAN GELLETT,200
ADAM GUEST,200
SARAH WILTSHIRE,200
THOMAS CAMY,200
BEN DOWNTON,200
JAMES DALE,200
ANDREW KEARTON,200
JI FUNG ETHAN LAM,200
ZOE SMITH,200
HARVEY NORTON,200
LIAM DELEENHEER,200
SAHAND ZANJANI POUR,199
NICK BUXTON,199
NEIL DOUGAN,198
JESS GORDON BROWN,198
HARRISON DEELEY,198
RAYEN CUPID,198
SUNNY EE,197
ADAM LOYNDS,197
FREDERICK VINCENT,197
MUHAMMAD KHAN,196
BEN REES,196
AMY SALT,196
CONOR GRAHAM,196
FRAER MORROW,196
DANIEL BAXTER,195
AGATA HERBERT,195
NIMAI MEHTA,195
CHRIS RODRIGO,195
ALEXANDER MITCHELL,195
MATTHEW MCKEE,195
TIMOTHY WILLIAMS,195
WILLIAM KAVANAGH,195
RICHARD SMALL,194
PRIYAM KANSARA,194
JENNIFER HOUGHTON,194
LAUREN MILLER,194
WILL GALLOWAY,194
CALLUM PICKERING,193
NATHAN MCKENDRICK,193
SCOTT BATTERSBY,193
EMILY SWEENEY,193
JASON ABRAHAM,193
ADAM KUDRYL,193
KIERAN HART,192
REON SELEMAN,192
SILVER EE,191
ANDREW HOUSTON,191
CHARLOTTE DAVIES,190
GEORGE BROWN,190
DARREN MARR,190
JAN KLAWITTER,190
ALAN PICKLES,190
JON CRAWFORD,190
STEVEN MCCOMBE,190
STUART SHILLIDAY,189
THOMAS USHER,189
JENNIFER TONG,189
MACKENZIE CLARK,188
ERIN BARTON,188
AARON SIMKIN,188
DAVID MORECROFT,188
EMMA COLLINS-JONES,188
CATRIN JONES,188
ALICE AITCHISON,188
THOMAS BRAYFORD,188
DANIEL DAVIES,187
KATRINA FEKLISTOVA,187
SOPHIE HAMMOND-MARGETSON,187
THOMAS ROBERTS,186
HARRY WILSON,186
ABDOUL AZIZ AMADOU,186
CAROLINE DOYLE,186
PAUL CHALMERS,186
ANTHONY WEEDON,186
MATTHEW KINGSTON,185
BEN FOGGO,185
OLIVIA BLATCH,185
SAMUEL HENDERSON,185
ALEXANDER ELEFTHERIOU,185
GURDAWAR DHESI,185
JAMES MURPHY,184
ISABELLA BROWN,184
ERNEST KWOK,184
JAMES GRADWELL,184
LAURA WHEATCROFT,183
PATRICK DANIEL,183
LAURA HOLLOBON,183
HANNAH CRYMBLE,183
JO MCEWAN,182
CALEB GRIFFITHS,182
JONATHAN MORRIS,182
MAXWELL NIVEN,181
AARON CHEEMA,181
CHRISTIAN GLINISTER,180
NATASHA OSGOOD,180
ROB GRANTHAM-HILL,180
SHELI MCCOY,180
REBECCA GILBERT,180
PETER MADDEN,180
JAKUB SOPICKI,180
TOM SCRIVENS,179
DAVID CLIFTON,179
LEE COONAN,178
JAMES STOCKWELL,178
CRAIG WRIGHT,178
ALEXANDRA CAVE,178
ZOE KERR,178
STUART THURGOOD,178
GRANT LANGDON,177
AMY JOHNSON,177
CHLOE HOOD,176
KIRSTY TURNER,176
OLIVER WHITE,176
KRYSTAL CAMPBELL,176
HARI KANDIAH,176
ALEXANDER LEWIS,176
IHEKE NDUKWE,176
JOE AXON,175
KATARZYNA REDKA,175
MANUEL VENDRAMIN,175
ABUL HASNATH,175
COREY SWAINE,175
LUKE STEPHEN,175
CALLUM BUNYAN,175
AMBER SHEPPARD,173
CHAD COLLINS,173
NATALIE MARSH,173
SEBASTIAN LAWTON,172
KIERAN RICHARDS,172
ERIN FRIEL,172
EMMA MEEK,172
JASMINE ISOYAMA,172
HEATHER BURT,171
HARRY HEWITT SMITH,171
CHLOE BRIGGS,171
NIAMH MENARY,171
BRYN ASTROP,170
JOSH GLYNN,170
JAMES COLLINS,170
THEO ARCHER,170
BETHAN WATKINS,170
NICHOLAS EFREM,170
BENJAMIN SHARPLEY,170
ELEANOR JENKINSON,170
WILLIAM HILL,170
TYLER JOHNSTON,169
SAMUEL WARD,169
LAURA PODSTAWKA,169
LESLEY BROWN,169
CHARLOTTE SPENCE,169
LOUISE RICHARDS,168
JOSH BLACKALL,168
CYRUS WILKEN,168
RYAN SWAIN,168
REBEKAH THOMPSON,168
MACY JOHN,168
CHLOE WHYLIE,168
CAMERON SINCLAIR,167
JAMIE DEVERELL,167
MICHAEL ENGLAND,167
NATALIE MOTTRAM,167
JODEY HUGHES,167
LOU HERRON,167
DARREN MEE,166
ANNIE SEYMOUR,166
ZOE GOODCHILD,166
ASHLEIGH SMYTH,166
SIAN PETERS,165
JENNIFER POTTER,165
JORDAN BOWIE,165
NOORIN GULAM,165
HOLLY O'SHEA,165
JONATHAN SUSCA,165
JAMES STURTRIDGE,165
DARCEY BRIDGES,165
JANE LEE-ISTED,165
KAYLEIGH-ANNE STEELE,165
SCOTT BLACKMORE,165
ANITA MADAN,165
LUCY ROEBUCK,164
CHEE HUNG TAN,164
SHAELENE STRANGES,164
MADELINE ELLIOTT,163
KEVIN SMITH,163
JOSHUA BYETT,163
NICK WHATELEY,163
OLIVER STONES,162
ELEANOR MAWSON,162
AARON FITZGERALD,162
JOSIE GRIFFITHS,162
RUDI FERGUSON,162
EMMA PENDLE,161
LUCY SPY,160
RIC ANTIPATIA,160
MICHAL GOLIAN,160
ADAM ROPER,160
BETH ASHBEE,160
NIALL MEENAN,160
MOLLY GREENWOOD,159
ALEX YAU,159
KATE HODGE,159
MAXIME VAN  DEN DIJSSEL,159
ADAM BOSE,158
SKY NORRIS,158
PHIL DAVIES,158
LUCY MCGONIGLE,158
ELLIE PRYOR,158
THOMAS HUGHES,157
LEONARD COX,157
CHLOE BLACKMUR,157
JOHN FORSYTH,157
LANCE SMITH,157
THOMAS MCKENNA,157
JENNY O'BOY,157
HAYLEY EVANS,157
NATHAN THOMAS,156
ELLI MCEVATT,156
EDWARD SKINNER,156
SARA BRAYFIELD,156
NANCY EVBUOMWAN,156
MORGAN MACDONALD,155
ELEANOR CLEMENS,155
ROMI STERN-DAWSON,155
STEVEN LAFFERTY,155
CHARLOTTE MILES,154
JANE ARMOUR,154
CHRISTINE SMITHSON,154
EMILY NORDVANG,154
HANNAH POWELL,153
CONNOR KEMP,153
NIAMH BROAD,153
CRAIG SPICER,153
SALLY THOMPSON,152
NINA OCHOGO,152
ANGELA SORENSEN,152
OTIS SAMMON,152
JOSEPH ROBERTSON,152
ELLIOTT BROWN,152
ELIZABETH GASKELL,152
JOSEPH CHAN,152
GEORGE WREN,151
NEIL MCWILLIAMS,151
AURELIA LIU,151
FLORENCE LESTER,151
HEATHER FLANNERY,150
IAN ADAMSON,150
MAKSYMILIAN NEMS,150
WAVERLEY WRIGGLESWORTH,150
SAMANTHA FRANKLIN,150
CHARLIZE RICHARDS,150
MARTIN BOLAND,150
PIA KEMPPI,149
MIAH BUCKNOR,149
CHARLOTTE WHALLEY,149
AMY SPEED-ANDREWS,149
JODIE BEDFORD,149
ABIGAIL BOWES,149
ADAM MCKINLEY,149
GRACE BATEY,148
RHYS DEELEY,148
CHARLOTTE PETTIT,148
SOPHIE BELLAMY,148
LOUISE FEENEY,148
EVE HAMILTON,148
LIANNE BROWN,148
EVIE-RAE TURNER,148
MEGAN DIXON,147
MATTÉO CARLIER,147
HARRY PRESTON,147
LYNNE DESBOROUGH,147
THEODORA MITROI,147
LEWIS DAVIES,147
REBECCA NESBIT,146
BETHANY RANDALL,146
GRAEME NICHOL,146
COLETTE WILL,146
HOLLY KNOWLES,146
KEELY PENROSE,145
LINCOLN HO,145
CLARISSA MULLEM,145
KENDRICK SO,145
DAVINDER REEHAL,145
RICHIE STONEHAM,145
HENRY HAWKES,145
GUY PARKER,145
ANUSHKA BOVILL,145
JOSHUA BLAND,145
JAMES FLYNN,144
CHRISTOPHER PHELPS,144
MOLLY JEFFERY,144
MEGAN ACOMB,144
KATE RENDALL,144
POLLYANNA TYEKIFF,144
EVE KIRK,144
JOANNE CALVINO,143
GILDA TRAPANI,143
TRACY ROSSER,143
RACHAEL NATHAN,143
GEORGIA SWIFT,143
LISA TOBIAS,143
ELAINE SIMS,143
ANNABEL CHAFFEY,143
SILVIA SZABO,143
RACHEL BARR,143
STEPHANIE PYE,142
TAYLA HOUNSELL,142
HOLLY COONEY,142
FALLON PARKER,142
GEMMA PEREGRINE,141
HOLLY MORTON,141
JOHN ILOTT,141
CHARLOTTE CROCKER,141
REBECCA FRANCIS,141
LOUISE BLAIR,141
HANNAH LEWIS,140
OLGA SEMENKO,140
HOLLY TAVANA,140
KATARZYNA MOSZYK,140
RICHARD THOMSON,140
COREY PATERSON,140
ELEANOR BURT,140
JESSICA ENTWISTLE,140
JESUS PORTO LEIS,140
ROISIN CRYAN,139
CLAUDIA CLARKSON,139
JULIE WILSON,139
MICHAELA MCKAY,139
TAMMY WONG,138
CHLOE MAYS,138
STUART TREADWELL,138
KRISTINE SANTOS,138
KATIE HUGHES,138
FFLUR OWEN,138
BEATA PETENYI,138
SULAKHSNA GUNNOO,138
SAMANTHA WILDING-MOSLEY,137
DANIEL MAYERS,137
RICHARD DOHERTY,137
MICHAEL TUCKWELL,137
AMY MCGEOCH,137
DINA ELBARBARY,137
NIKKI HAMILTON,137
CHELSEA SIDAWAY,137
GEORGIA GOODCHILD,137
JESSICA JAMES,136
GEORGIA HUNT,136
RORY BAKER,136
MICHAEL MANNION,136
ELENA MARIUTA,136
SINEAD LENIHAN,136
MARIAH MCAHREN,136
EMILIA BUDAHAZY,136
ELIZABETH GRIFFITHS,136
BEV ROTHWELL,136
LUCY PEARCE,136
TALIESHA STUART,135
JASMIN NAYLOR,135
THOMAS LAYCOCK,135
JAMES SUTCLIFFE,135
GEORGINA JIMENEZ,135
EMMA BARISIO,135
JOANNA FINLAY,135
JULIA LIM,135
TONY BROOKS,135
OLGA KRZYSZTON,135
GEORGINA WILLIAMS,134
RACHEL ELLISON,134
JENNIFER TODD,134
GRACE HARBOTTLE,134
AMELIA STEVENSON,134
NATASHA ELLIS,134
REBECCA CHESLETT,133
KODY NORDQVIST,133
JOSHUA WILLIAMS,133
NICOLA GRANT,133
MEGAN SYMONS,133
KATIE GREEN,133
MALCOLM NUTTALL,132
STANLEY MCINTYRE,132
RUBY JACKSON,132
SANJAY KALRA,132
JODIE COOGAN,132
PHILLIP TAY JUN YUAN,132
ANGUS ROBERTSON,132
ERIC ODONNELL,131
SIMON PARIS,131
HELEN KILGANNON,131
GEORGIA RUTHERFORD,131
JOANNA WATT,131
CHLOE RAMAGE,130
COLIN HANNAH,130
GAIL AITKEN,130
SAFFRON ARDREN,130
RAIYYAN KHAN,130
JAMES SIMPSON,130
JARED MUSTAFA-HOLZAPFEL,130
ELLIE MCMANUS,129
TANYA KAILIDES,129
KATIE MCLEAN,129
JASMINE KINSMAN,129
NATALIE CASHMORE,129
HAYLEY SAUNDERS,128
IZZY DA COSTA,128
MARIE-PIERRE SHAW,128
STEVEN WRIGHT,128
ASHAUNNA GREEN,128
CARMEN MAKEPEACE,128
NIKOLE ROBERTS,128
SARAH DAWES-CLARK,128
CHAD O'CONNER,127
CAROL MARSHALL,127
IMOGEN GOUGH,127
LAURA DEARMAN,127
ALEX STOCKTON-HINE,127
AMY BAILEY,127
EMILY ANDERTON,127
KELLY SKEA,127
ISABEL DORMAN,127
EMILY GRANT,127
KAREN HAWEN,127
VICTORIA DE VAL,126
PUI KWAN YU,126
ZOË HOLLEY,126
CATHY-ANN MYERS,126
SHAUNA KIELTY,126
PAUL LYNAS,126
MOLLY SCRIMGER,126
COLIN GAUTHIER,126
DAWN SCOTT,126
DEBBIE DRYSDALE,125
BLAYKE FISHER,125
ROSEMARY MCCANN,125
TANIA SUNLEY,125
CLARE DANE,125
ELIZABETH NG,125
ANYA MORRIS,125
MARTYN CASSELL,125
LIBI HESELTINE,125
KELLY VAUGHAN,124
MARTYNA HILDEBRANDT,124
LEONARDA SCHOTNESS,124
MADELEINE LYALL,123
ANTONY WILLIAMS,122
CARL JOHNSON,122
EMMA SUCKLING,122
KATIE TANNER,122
ELLIE RICHARDS,122
LYNETTE MURAD,122
ELICIA AGAR,122
HANNAH RUTHERFORD,121
GRACE MORRIS,121
NATALIE EYERS,121
AMANDA BENTINCK,121
ROBYN MORGAN,121
MAJA SHEPHERD,121
SHARON OAKLEY,121
DOUGLAS CRAWFORD,120
TABITHA HARDY,120
JO MACMANUS,120
REBECCA STONER,120
HELEN QUALTERS,119
KATIE PRICE,119
MAUREEN MCLARNON,118
FRITHA FORTINI,118
BECKY HICKMAN,118
CLAIR FIDDAMAN,118
JOSHUA FARRANT,118
KATERINA STAVRI,118
LYDIA HILSON,117
ASEES DHANDA,117
AIDEN LEIGH,116
ROSS MCWATT,116
NATASHA PHILLIPS,116
CARYS HARPER,115
SEAMUS LEONARD -THOMAS,115
AIMEE ROBERTSON,115
LUCY EGGLETON,115
MATTHEW WHITEHOUSE,115
NIGEL BERESFORD,115
EMILIA PARSONS,115
ELIZABETH WOOD,115
MICHAELA SHAW,115
AMY KNIGHT,115
MARCIN WENGER,115
CASEY KEENAN,115
KAYLEE MACDONALD,114
AMELIA GREEN,114
AMY COCHRANE,114
ELIZABETH HAVERS,114
ZARA HOLLAND,113
MILLIE SCOTT,113
MOLLY WALSH,113
HELEN WRIGHT,112
NICOLE BERNARD,112
VAL CRAFT,112
VICTORIA LISLE,111
SOL SMILLIE,110
JAY MAN,110
NICOLA CHAN,110
HANNAH LANGTON,110
VICTORIA WILLIAMS,109
TAMZIN OWEN,109
LYDIA SIEGERT,109
POPPY ARMSTRONG,109
SHANNON MCCAFFERTY,108
JACK COLEMAN,108
ERAN WHYTE,108
KELLY MCFIE,108
MARIA JENNINGS,108
CHLOE SYKES,108
ALISON MALLARD,108
SARA ZUBILEWICZ,107
ZOE CHANDLER,107
JOANNE GILHAM,107
HANNAH THOMPSON,106
ANNABELLE PETTIT,106
EUNICE XU,105
MEGAN WILLIAMS,105
SHARON BOWES,105
ANNA FLETCHER,105
THITIRATTANA TRAREWAXE,105
GÜLSÜM ÖNAL,105
EMILY CAMPBELL HARRY,105
BETH MASSEY,105
SWATI TIWARY,104
JOANNE HELLER,104
DARCY RUDDOCK,104
MILLIE LERWILL,104
CATHERINE TREANOR,104
JESSICA SWINDELLS,104
AIMEE BULFF,104
ANOESKA VAN LEEUWEN,104
MARTHA BAILEY,103
BETH PATMORE,103
TINA FOULGER,103
CLARE WILLIAMS,102
DOAA ALMOSAWI,101
SARA WALLACE,101
SARAH CURTIN,101
JAYDEE BURCHELL,100
WIKTORIA RYBAKIEWICZ,100
LOUISE KINNAIR,100
SIOBHAN HYLAND,100
CHANNON WHITEHEAD,100
PAM MCVITIE,100
ELIZABETH KEEGAN,100
CONAL KING,100
LESLEY MATHIE,100
JONATHAN SPARKES,0
HARRY CLARK,0
JAMES COLMAN,0
MATT DEHATY,0
STEPHEN OAKHAM,0
WILLIAM BARFOOT,0
ASHLEY WALKE,0
FINLAY MCMILLAN,0
HARRY STREET,0
THOMAS BAILEY,0
JOHN MCEWAN,0
JOSHUA WELCH,0
JENNIFER MUIR,0
EMMA MCQUAID,0
AARON BLACK,0
SYDNEY MAXWELL,0
MICHAEL NUGENT,0
YASSIR AL-MHANA,0
POPPY WILSHER,0
VIRGINIA GAKUYA,0
MAISIE CLARKE,0
